外国语学院, 大学城
管理学院, 龙洞
管理学院, 龙洞
管理学院, 龙洞
管理学院, 龙洞
管理学院, 龙洞
法学院, 龙洞
法学院, 龙洞
经济学院, 龙洞
经济学院, 龙洞
经济学院, 龙洞
外国语学院, 大学城
自动化学院, 大学城
自动化学院, 大学城
自动化学院, 大学城
自动化学院, 大学城
自动化学院, 大学城
材料与能源学院, 大学城
材料与能源学院, 大学城
材料与能源学院, 大学城
材料与能源学院, 大学城
机电工程学院, 大学城
机电工程学院, 大学城
机电工程学院, 大学城
机电工程学院, 大学城
机电工程学院, 大学城
机电工程学院, 大学城
机电工程学院, 大学城
轻工化工学院, 大学城
轻工化工学院, 大学城
轻工化工学院, 大学城
轻工化工学院, 大学城
信息工程学院, 大学城
信息工程学院, 大学城
土木与交通工程学院, 大学城
土木与交通工程学院, 大学城
土木与交通工程学院, 大学城
土木与交通工程学院, 大学城
土木与交通工程学院, 大学城
土木与交通工程学院, 大学城
土木与交通工程学院, 大学城
土木与交通工程学院, 大学城
土木与交通工程学院, 大学城
计算机学院, 大学城
计算机学院, 大学城
环境科学与工程学院, 大学城
环境科学与工程学院, 大学城
环境科学与工程学院, 大学城
环境科学与工程学院, 大学城
外国语学院, 大学城
物理与光电工程学院, 大学城
物理与光电工程学院, 大学城
物理与光电工程学院, 大学城
物理与光电工程学院, 大学城
生物医药学院, 大学城
生物医药学院, 大学城
生物医药学院, 大学城
生态环境与资源学院, 大学城
生态环境与资源学院, 大学城
集成电路学院, 大学城
集成电路学院, 大学城
集成电路学院, 大学城
数学与统计学院, 龙洞
数学与统计学院, 龙洞
法学院, 龙洞
经济学院, 龙洞
经济学院, 龙洞
经济学院, 龙洞
经济学院, 龙洞
建筑与城市规划学院, 东风路
建筑与城市规划学院, 东风路
建筑与城市规划学院, 东风路
建筑与城市规划学院, 东风路
土木与交通工程学院, 大学城
轻工化工学院, 大学城
艺术与设计学院, 东风路
艺术与设计学院, 东风路
管理学院, 龙洞
管理学院, 龙洞
管理学院, 龙洞
管理学院, 龙洞
管理学院, 龙洞
管理学院, 龙洞
外国语学院, 大学城
艺术与设计学院, 东风路
艺术与设计学院, 东风路
艺术与设计学院, 东风路
艺术与设计学院, 东风路
艺术与设计学院, 东风路
艺术与设计学院, 东风路
国际教育学院, 番禺
国际教育学院, 番禺
国际教育学院, 番禺
国际教育学院, 番禺
国际教育学院, 番禺
国际教育学院, 番禺
国际教育学院, 番禺
管理学院, 龙洞
管理学院, 龙洞
管理学院, 龙洞
管理学院, 龙洞
经济学院, 龙洞
经济学院, 龙洞
外国语学院, 大学城
法学院, 龙洞
材料与能源学院, 大学城
管理学院, 龙洞
管理学院, 龙洞
管理学院, 龙洞
管理学院, 龙洞
管理学院, 龙洞
环境科学与工程学院, 大学城
环境科学与工程学院, 大学城
机电工程学院, 大学城
轻工化工学院, 大学城
轻工化工学院, 大学城
轻工化工学院, 大学城
生物医药学院, 大学城
土木与交通工程学院, 大学城
土木与交通工程学院, 大学城
土木与交通工程学院, 大学城
土木与交通工程学院, 大学城
土木与交通工程学院, 大学城
土木与交通工程学院, 大学城
外国语学院, 大学城
数学与统计学院, 龙洞
法学院, 龙洞
艺术与设计学院, 东风路
管理学院, 龙洞
经济学院, 龙洞
经济学院, 龙洞
法学院, 龙洞
管理学院, 龙洞
经济学院, 龙洞
经济学院, 龙洞
法学院, 龙洞